,SPT,SSU
makespan,408.0,484.0
util,0.9897155068785896,0.9948133949712482
machine_util,0.0,0.0
Flow_time,14162.0,19106.0
tardiness,4721.0,9343.0
lateness,4238.0,9182.0
t_max,172.0,309.0
q_time_true,429.0,442.0
q_time_false,80.0,67.0
q_job_true,37.0,45.0
q_job_false,62.0,54.0
q_total_over_time,3377.0,3502.0
